<ImportExportXml version="9.2.22105.178" SolutionPackageVersion="9.2" languagecode="1033" generatedBy="CrmLive" xmlns:xsi="http://www.w3.org/2001/XMLSchema-instance">
  <SolutionManifest>
    <UniqueName>SolutionforEX26Amodel</UniqueName>
    <LocalizedNames>
      <LocalizedName description="Solution for EX26A model" languagecode="1033" />
    </LocalizedNames>
    <Descriptions />
    <Version>1.0.0.1</Version>
    <Managed>0</Managed>
    <Publisher>
      <UniqueName>testpublisher</UniqueName>
      <LocalizedNames>
        <LocalizedName description="testpublisher" languagecode="1033" />
      </LocalizedNames>
      <Descriptions>
        <Description description="this is a test publisher" languagecode="1033" />
      </Descriptions>
      <EMailAddress xsi:nil="true"></EMailAddress>
      <SupportingWebsiteUrl xsi:nil="true"></SupportingWebsiteUrl>
      <CustomizationPrefix>itk</CustomizationPrefix>
      <CustomizationOptionValuePrefix>82832</CustomizationOptionValuePrefix>
      <Addresses>
        <Address>
          <AddressNumber>1</AddressNumber>
          <AddressTypeCode>1</AddressTypeCode>
          <City xsi:nil="true"></City>
          <County xsi:nil="true"></County>
          <Country xsi:nil="true"></Country>
          <Fax xsi:nil="true"></Fax>
          <FreightTermsCode xsi:nil="true"></FreightTermsCode>
          <ImportSequenceNumber xsi:nil="true"></ImportSequenceNumber>
          <Latitude xsi:nil="true"></Latitude>
          <Line1 xsi:nil="true"></Line1>
          <Line2 xsi:nil="true"></Line2>
          <Line3 xsi:nil="true"></Line3>
          <Longitude xsi:nil="true"></Longitude>
          <Name xsi:nil="true"></Name>
          <PostalCode xsi:nil="true"></PostalCode>
          <PostOfficeBox xsi:nil="true"></PostOfficeBox>
          <PrimaryContactName xsi:nil="true"></PrimaryContactName>
          <ShippingMethodCode>1</ShippingMethodCode>
          <StateOrProvince xsi:nil="true"></StateOrProvince>
          <Telephone1 xsi:nil="true"></Telephone1>
          <Telephone2 xsi:nil="true"></Telephone2>
          <Telephone3 xsi:nil="true"></Telephone3>
          <TimeZoneRuleVersionNumber xsi:nil="true"></TimeZoneRuleVersionNumber>
          <UPSZone xsi:nil="true"></UPSZone>
          <UTCOffset xsi:nil="true"></UTCOffset>
          <UTCConversionTimeZoneCode xsi:nil="true"></UTCConversionTimeZoneCode>
        </Address>
        <Address>
          <AddressNumber>2</AddressNumber>
          <AddressTypeCode>1</AddressTypeCode>
          <City xsi:nil="true"></City>
          <County xsi:nil="true"></County>
          <Country xsi:nil="true"></Country>
          <Fax xsi:nil="true"></Fax>
          <FreightTermsCode xsi:nil="true"></FreightTermsCode>
          <ImportSequenceNumber xsi:nil="true"></ImportSequenceNumber>
          <Latitude xsi:nil="true"></Latitude>
          <Line1 xsi:nil="true"></Line1>
          <Line2 xsi:nil="true"></Line2>
          <Line3 xsi:nil="true"></Line3>
          <Longitude xsi:nil="true"></Longitude>
          <Name xsi:nil="true"></Name>
          <PostalCode xsi:nil="true"></PostalCode>
          <PostOfficeBox xsi:nil="true"></PostOfficeBox>
          <PrimaryContactName xsi:nil="true"></PrimaryContactName>
          <ShippingMethodCode>1</ShippingMethodCode>
          <StateOrProvince xsi:nil="true"></StateOrProvince>
          <Telephone1 xsi:nil="true"></Telephone1>
          <Telephone2 xsi:nil="true"></Telephone2>
          <Telephone3 xsi:nil="true"></Telephone3>
          <TimeZoneRuleVersionNumber xsi:nil="true"></TimeZoneRuleVersionNumber>
          <UPSZone xsi:nil="true"></UPSZone>
          <UTCOffset xsi:nil="true"></UTCOffset>
          <UTCConversionTimeZoneCode xsi:nil="true"></UTCConversionTimeZoneCode>
        </Address>
      </Addresses>
    </Publisher>
    <RootComponents>
      <RootComponent type="29" id="{94e7083c-d659-ed11-9562-00224812298a}" behavior="0" />
      <RootComponent type="29" id="{a75b7870-7b70-ed11-81ac-002248933f46}" behavior="0" />
      <RootComponent type="401" id="{9d73ae8a-87ae-4b13-91e7-74449dce28bf}" behavior="0" />
      <RootComponent type="401" id="{c1ef262d-3d75-4320-a96c-eeeb689a5c09}" behavior="0" />
      <RootComponent type="401" id="{fc0b9cc4-af22-4399-a6e3-af776b774afa}" behavior="0" />
    </RootComponents>
    <MissingDependencies>
      <MissingDependency>
        <Required type="1" schemaName="dawe_address" displayName="Address Details" solution="Active" />
        <Dependent type="29" displayName="Automate for EX26B form - 2" id="{94e7083c-d659-ed11-9562-00224812298a}" />
      </MissingDependency>
      <MissingDependency>
        <Required type="1" schemaName="dawe_address" displayName="Address Details" solution="Active" />
        <Dependent type="29" displayName="Copy of - Automate for EX26A form" id="{a75b7870-7b70-ed11-81ac-002248933f46}" />
      </MissingDependency>
      <MissingDependency>
        <Required type="1" schemaName="dawe_addresslink" displayName="Address" solution="Active" />
        <Dependent type="29" displayName="Automate for EX26B form - 2" id="{94e7083c-d659-ed11-9562-00224812298a}" />
      </MissingDependency>
      <MissingDependency>
        <Required type="1" schemaName="dawe_addresslink" displayName="Address" solution="Active" />
        <Dependent type="29" displayName="Copy of - Automate for EX26A form" id="{a75b7870-7b70-ed11-81ac-002248933f46}" />
      </MissingDependency>
      <MissingDependency>
        <Required type="1" schemaName="incident" displayName="Case" solution="msdynce_Service (9.0.5.56)">
          <package>msdynce_ServiceAnchor (9.0.22105.1008)</package>
        </Required>
        <Dependent type="29" displayName="Automate for EX26B form - 2" id="{94e7083c-d659-ed11-9562-00224812298a}" />
      </MissingDependency>
      <MissingDependency>
        <Required type="1" schemaName="incident" displayName="Case" solution="msdynce_Service (9.0.5.56)">
          <package>msdynce_ServiceAnchor (9.0.22105.1008)</package>
        </Required>
        <Dependent type="29" displayName="Copy of - Automate for EX26A form" id="{a75b7870-7b70-ed11-81ac-002248933f46}" />
      </MissingDependency>
    </MissingDependencies>
  </SolutionManifest>
</ImportExportXml>